Workbook

Sheet поставщики
A1: Поставщики
A3: Наименование | B3: Код | C3: Юридический адрес | D3: Комментарий
A4: ООО "Сивый" | B4: 11-110
A5: ЗАО "Бумажный бум" | B5: 11-111
A6: ИП "Добролебов А.Е." | B6: 11-112
A7: ООО "Досочка" | B7: 11-113

Sheet Лист2
A1: Покупатели
A3: Наименование | B3: Код | C3: Юридический адрес | D3: Комментарий
A4: ТД "Кабушкин" | B4: 15-102
A5: ИП "Северюков А.Е." | B5: 15-103
A6: Группа компаний "Символ" | B6: 15-104
A7: ООО "Уют" | B7: 15-105

Sheet Лист3
A1: Точки учета
A3: Наименование | B3: Код | C3: Комментарий
A4: С-210 | C4: Склад 1
A5: С-211 | C5: Склад 2
A6: М-15 | C6: Магазин 1
A7: М-16 | C7: Магазин 2
A8: М-17 | C8: Магазин 3
A9: ВП | C9: Выдача покупателю
A10: Б-1 | C10: Брак
A11: Б-2 | C11: Брак

Sheet номенклатура
A1: Номенклатура товаров
A3: Наименование | B3: Сорт | C3: Ед. изм. | D3: Характеристика | E3: Комментарий
A4: Вагонка европрофиль сосна/ель | B4: А | C4: м3 | D4: В12,5хШ96
A5: Вагонка европрофиль сосна/ель | B5: прайм | C5: м3 | D5: В12,5хШ96
A6: Вагонка европрофиль сосна/ель | B6: В | C6: м3 | D6: В12,5хШ96
A7: Вагонка липа | B7: Э | C7: м3 | D7: В15хШ98хД1800
A8: Вагонка ольха | B8: О | C8: м3 | D8: В12,5хШ85хД500

Sheet Приход
A1: Приход товаров
A3: Наименование | B3: Дата | C3: № накладной | D3: Поставщик | E3: Код | F3: Точка учета | G3: Ед. изм. | H3: К-во | I3: Цена | J3: Стоимость
A4: Вагонка европрофиль сосна/ель | B4: 46113 | D4: ЗАО "Бумажный бум" | E4: =IF(ISNA(VLOOKUP(D4,Таблица1[],2,0)),"",VLOOKUP(D4,Таблица1[],2,0)) -> 11-111 | F4: М-17 | G4: =IF(ISNA(VLOOKUP(A4,Таблица4[],3,0)),"",VLOOKUP(A4,Таблица4[],3,0)) -> м3 | H4: 17 | I4: 505 | J4: =Таблица5[[#This Row],[К-во]]*Таблица5[[#This Row],[Цена]] -> 8585
A5: Вагонка ольха | B5: 46114 | D5: ООО "Досочка" | E5: =IF(ISNA(VLOOKUP(D5,Таблица1[],2,0)),"",VLOOKUP(D5,Таблица1[],2,0)) -> 11-113 | F5: М-16 | G5: =IF(ISNA(VLOOKUP(A5,Таблица4[],3,0)),"",VLOOKUP(A5,Таблица4[],3,0)) -> м3 | H5: 26 | I5: 227 | J5: =Таблица5[[#This Row],[К-во]]*Таблица5[[#This Row],[Цена]] -> 5902
A6: Вагонка липа | B6: 46115 | D6: ИП "Добролебов А.Е." | E6: =IF(ISNA(VLOOKUP(D6,Таблица1[],2,0)),"",VLOOKUP(D6,Таблица1[],2,0)) -> 11-112 | F6: С-210 | G6: =IF(ISNA(VLOOKUP(A6,Таблица4[],3,0)),"",VLOOKUP(A6,Таблица4[],3,0)) -> м3 | H6: 18 | I6: 98 | J6: =Таблица5[[#This Row],[К-во]]*Таблица5[[#This Row],[Цена]] -> 1764
A7: Вагонка европрофиль сосна/ель | B7: 46116 | D7: ООО "Сивый" | E7: =IF(ISNA(VLOOKUP(D7,Таблица1[],2,0)),"",VLOOKUP(D7,Таблица1[],2,0)) -> 11-110 | F7: Б-1 | G7: =IF(ISNA(VLOOKUP(A7,Таблица4[],3,0)),"",VLOOKUP(A7,Таблица4[],3,0)) -> м3 | H7: 25 | I7: 112 | J7: =Таблица5[[#This Row],[К-во]]*Таблица5[[#This Row],[Цена]] -> 2800
A8: Вагонка европрофиль сосна/ель | B8: 46117 | D8: ЗАО "Бумажный бум" | E8: =IF(ISNA(VLOOKUP(D8,Таблица1[],2,0)),"",VLOOKUP(D8,Таблица1[],2,0)) -> 11-111 | F8: С-211 | G8: =IF(ISNA(VLOOKUP(A8,Таблица4[],3,0)),"",VLOOKUP(A8,Таблица4[],3,0)) -> м3 | H8: 64 | I8: 202 | J8: =Таблица5[[#This Row],[К-во]]*Таблица5[[#This Row],[Цена]] -> 12928

Sheet Расход
A1: Расход товаров
A3: Наименование | B3: Дата | C3: № накладной | D3: Точка учета отгрузки | E3: Точка учета поставки | F3: Покупатель | G3: Ед. изм. | H3: К-во | I3: Цена | J3: Стоимость
A4: Вагонка европрофиль сосна/ель | D4: С-211 | E4: ВП | F4: Группа компаний "Символ" | G4: =IF(ISNA(VLOOKUP(A4,Таблица4[],3,0)),"",VLOOKUP(A4,Таблица4[],3,0)) -> м3 | H4: 12 | I4: 34 | J4: =Таблица6[[#This Row],[Цена]]*Таблица6[[#This Row],[К-во]] -> 408
A5: Вагонка ольха | D5: С-211 | E5: ВП | F5: ООО "Уют" | G5: =IF(ISNA(VLOOKUP(A5,Таблица4[],3,0)),"",VLOOKUP(A5,Таблица4[],3,0)) -> м3 | H5: 11 | I5: 543 | J5: =Таблица6[[#This Row],[Цена]]*Таблица6[[#This Row],[К-во]] -> 5973
A6: Вагонка липа | D6: С-211 | E6: М-15 | F6: ТД "Кабушкин" | G6: =IF(ISNA(VLOOKUP(A6,Таблица4[],3,0)),"",VLOOKUP(A6,Таблица4[],3,0)) -> м3 | H6: 10 | I6: 22 | J6: =Таблица6[[#This Row],[Цена]]*Таблица6[[#This Row],[К-во]] -> 220
A7: Вагонка европрофиль сосна/ель | D7: С-211 | E7: М-16 | F7: Группа компаний "Символ" | G7: =IF(ISNA(VLOOKUP(A7,Таблица4[],3,0)),"",VLOOKUP(A7,Таблица4[],3,0)) -> м3 | H7: 15 | I7: 45 | J7: =Таблица6[[#This Row],[Цена]]*Таблица6[[#This Row],[К-во]] -> 675
A8: Вагонка европрофиль сосна/ель | D8: С-211 | E8: М-17 | F8: ИП "Северюков А.Е." | G8: =IF(ISNA(VLOOKUP(A8,Таблица4[],3,0)),"",VLOOKUP(A8,Таблица4[],3,0)) -> м3 | H8: 54 | I8: 655 | J8: =Таблица6[[#This Row],[Цена]]*Таблица6[[#This Row],[К-во]] -> 35370

Sheet Итог
A3: Наименование | B3: Ед. изм. | C3: Сорт | D3: Характеристика | E3: Остаток на начало _шт. | F3: Поступление | G3: Отгрузка | H3: Остаток на, _шт. | I3: Дата
A4: Вагонка европрофиль сосна/ель | B4: =IF(ISNA(VLOOKUP(A4,Таблица4[],3,0)),"",VLOOKUP(A4,Таблица4[],3,0)) -> м3 | C4: =IF(ISNA(VLOOKUP(A4,Таблица4[],2,0)),"",VLOOKUP(A4,Таблица4[],2,0)) -> А | D4: =IF(ISNA(VLOOKUP(A4,Таблица4[],4,0)),"",VLOOKUP(A4,Таблица4[],4,0)) -> В12,5хШ96 | E4: 0 | F4: =SUMIFS(Приход!$H$4:$H$8,Приход!$A$4:$A$8,A4) -> 106 | G4: =SUMIFS(Расход!$H$4:$H$15,Расход!$A$4:$A$15,A4) -> 81 | H4: =Таблица7[[#This Row],[Поступление]]-Таблица7[[#This Row],[Отгрузка]] -> 25 | I4: =IF(ISNA(VLOOKUP(A4,Таблица5[],2,0)),"",VLOOKUP(A4,Таблица5[],2,0)) -> 46113
A5: Вагонка липа | B5: =IF(ISNA(VLOOKUP(A5,Таблица4[],3,0)),"",VLOOKUP(A5,Таблица4[],3,0)) -> м3 | C5: =IF(ISNA(VLOOKUP(A5,Таблица4[],2,0)),"",VLOOKUP(A5,Таблица4[],2,0)) -> Э | D5: =IF(ISNA(VLOOKUP(A5,Таблица4[],4,0)),"",VLOOKUP(A5,Таблица4[],4,0)) -> В15хШ98хД1800 | E5: 0 | F5: =SUMIFS(Приход!$H$4:$H$8,Приход!$A$4:$A$8,A5) -> 18 | G5: =SUMIFS(Расход!$H$4:$H$15,Расход!$A$4:$A$15,A5) -> 10 | H5: =Таблица7[[#This Row],[Поступление]]-Таблица7[[#This Row],[Отгрузка]] -> 8 | I5: =IF(ISNA(VLOOKUP(A5,Таблица5[],2,0)),"",VLOOKUP(A5,Таблица5[],2,0)) -> 46115
A6: Вагонка ольха | B6: =IF(ISNA(VLOOKUP(A6,Таблица4[],3,0)),"",VLOOKUP(A6,Таблица4[],3,0)) -> м3 | C6: =IF(ISNA(VLOOKUP(A6,Таблица4[],2,0)),"",VLOOKUP(A6,Таблица4[],2,0)) -> О | D6: =IF(ISNA(VLOOKUP(A6,Таблица4[],4,0)),"",VLOOKUP(A6,Таблица4[],4,0)) -> В12,5хШ85хД500 | E6: 0 | F6: =SUMIFS(Приход!$H$4:$H$8,Приход!$A$4:$A$8,A6) -> 26 | G6: =SUMIFS(Расход!$H$4:$H$15,Расход!$A$4:$A$15,A6) -> 11 | H6: =Таблица7[[#This Row],[Поступление]]-Таблица7[[#This Row],[Отгрузка]] -> 15 | I6: =IF(ISNA(VLOOKUP(A6,Таблица5[],2,0)),"",VLOOKUP(A6,Таблица5[],2,0)) -> 46114
A7: Вагонка липа | B7: =IF(ISNA(VLOOKUP(A7,Таблица4[],3,0)),"",VLOOKUP(A7,Таблица4[],3,0)) -> м3 | C7: =IF(ISNA(VLOOKUP(A7,Таблица4[],2,0)),"",VLOOKUP(A7,Таблица4[],2,0)) -> Э | D7: =IF(ISNA(VLOOKUP(A7,Таблица4[],4,0)),"",VLOOKUP(A7,Таблица4[],4,0)) -> В15хШ98хД1800 | E7: 0 | F7: =SUMIFS(Приход!$H$4:$H$8,Приход!$A$4:$A$8,A7) -> 18 | G7: =SUMIFS(Расход!$H$4:$H$15,Расход!$A$4:$A$15,A7) -> 10 | H7: =Таблица7[[#This Row],[Поступление]]-Таблица7[[#This Row],[Отгрузка]] -> 8 | I7: =IF(ISNA(VLOOKUP(A7,Таблица5[],2,0)),"",VLOOKUP(A7,Таблица5[],2,0)) -> 46115
A8: Вагонка европрофиль сосна/ель | B8: =IF(ISNA(VLOOKUP(A8,Таблица4[],3,0)),"",VLOOKUP(A8,Таблица4[],3,0)) -> м3 | C8: =IF(ISNA(VLOOKUP(A8,Таблица4[],2,0)),"",VLOOKUP(A8,Таблица4[],2,0)) -> А | D8: =IF(ISNA(VLOOKUP(A8,Таблица4[],4,0)),"",VLOOKUP(A8,Таблица4[],4,0)) -> В12,5хШ96 | E8: 0 | F8: =SUMIFS(Приход!$H$4:$H$8,Приход!$A$4:$A$8,A8) -> 106 | G8: =SUMIFS(Расход!$H$4:$H$15,Расход!$A$4:$A$15,A8) -> 81 | H8: =Таблица7[[#This Row],[Поступление]]-Таблица7[[#This Row],[Отгрузка]] -> 25 | I8: =IF(ISNA(VLOOKUP(A8,Таблица5[],2,0)),"",VLOOKUP(A8,Таблица5[],2,0)) -> 46113
A9: Вагонка европрофиль сосна/ель | B9: =IF(ISNA(VLOOKUP(A9,Таблица4[],3,0)),"",VLOOKUP(A9,Таблица4[],3,0)) -> м3 | C9: =IF(ISNA(VLOOKUP(A9,Таблица4[],2,0)),"",VLOOKUP(A9,Таблица4[],2,0)) -> А | D9: =IF(ISNA(VLOOKUP(A9,Таблица4[],4,0)),"",VLOOKUP(A9,Таблица4[],4,0)) -> В12,5хШ96 | E9: 0 | F9: =SUMIFS(Приход!$H$4:$H$8,Приход!$A$4:$A$8,A9) -> 106 | G9: =SUMIFS(Расход!$H$4:$H$15,Расход!$A$4:$A$15,A9) -> 81 | H9: =Таблица7[[#This Row],[Поступление]]-Таблица7[[#This Row],[Отгрузка]] -> 25 | I9: =IF(ISNA(VLOOKUP(A9,Таблица5[],2,0)),"",VLOOKUP(A9,Таблица5[],2,0)) -> 46113
A10: Вагонка ольха | B10: =IF(ISNA(VLOOKUP(A10,Таблица4[],3,0)),"",VLOOKUP(A10,Таблица4[],3,0)) -> м3 | C10: =IF(ISNA(VLOOKUP(A10,Таблица4[],2,0)),"",VLOOKUP(A10,Таблица4[],2,0)) -> О | D10: =IF(ISNA(VLOOKUP(A10,Таблица4[],4,0)),"",VLOOKUP(A10,Таблица4[],4,0)) -> В12,5хШ85хД500 | E10: 0 | F10: =SUMIFS(Приход!$H$4:$H$8,Приход!$A$4:$A$8,A10) -> 26 | G10: =SUMIFS(Расход!$H$4:$H$15,Расход!$A$4:$A$15,A10) -> 11 | H10: =Таблица7[[#This Row],[Поступление]]-Таблица7[[#This Row],[Отгрузка]] -> 15 | I10: =IF(ISNA(VLOOKUP(A10,Таблица5[],2,0)),"",VLOOKUP(A10,Таблица5[],2,0)) -> 46114
